"Name","FolderPath"
"Inbox","\\junison9@gmail.com\Inbox"
"McAfee Anti-Spam","\\junison9@gmail.com\Inbox\McAfee Anti-Spam"
"Outbox","\\junison9@gmail.com\Outbox"
"Calendar (This computer only)","\\junison9@gmail.com\Calendar (This computer only)"
"Contacts (This computer only)","\\junison9@gmail.com\Contacts (This computer only)"
"Sync Issues (This computer only)","\\junison9@gmail.com\Sync Issues (This computer only)"
"Local Failures (This computer only)","\\junison9@gmail.com\Sync Issues (This computer only)\Local Failures (This computer only)"
"Journal (This computer only)","\\junison9@gmail.com\Journal (This computer only)"
"Notes (This computer only)","\\junison9@gmail.com\Notes (This computer only)"
"Tasks (This computer only)","\\junison9@gmail.com\Tasks (This computer only)"
"RSS Feeds","\\junison9@gmail.com\RSS Feeds"
"Conversation Action Settings (This computer only)","\\junison9@gmail.com\Conversation Action Settings (This computer only)"
"Quick Step Settings (This computer only)","\\junison9@gmail.com\Quick Step Settings (This computer only)"
"[Gmail]","\\junison9@gmail.com\[Gmail]"
"ADT","\\junison9@gmail.com\[Gmail]\ADT"
"Aaron Smith","\\junison9@gmail.com\[Gmail]\Aaron Smith"
"ACLJ","\\junison9@gmail.com\[Gmail]\ACLJ"
"Adobe Acrobat","\\junison9@gmail.com\[Gmail]\Adobe Acrobat"
"ADP","\\junison9@gmail.com\[Gmail]\ADP"
"AMAC","\\junison9@gmail.com\[Gmail]\AMAC"
"Amazon","\\junison9@gmail.com\[Gmail]\Amazon"
"Mark Hyman MD","\\junison9@gmail.com\[Gmail]\Amazon\Mark Hyman MD"
"Assian Efficiency","\\junison9@gmail.com\[Gmail]\Assian Efficiency"
"AT&T","\\junison9@gmail.com\[Gmail]\AT&T"
"Audible","\\junison9@gmail.com\[Gmail]\Audible"
"AutoInsurance","\\junison9@gmail.com\[Gmail]\AutoInsurance"
"Best Buy","\\junison9@gmail.com\[Gmail]\Best Buy"
"BevMo!","\\junison9@gmail.com\[Gmail]\BevMo!"
"Birdland","\\junison9@gmail.com\[Gmail]\Birdland"
"Black Bag Confidential","\\junison9@gmail.com\[Gmail]\Black Bag Confidential"
"Blazer","\\junison9@gmail.com\[Gmail]\Blazer"
"Blinkist","\\junison9@gmail.com\[Gmail]\Blinkist"
"BlueVine","\\junison9@gmail.com\[Gmail]\BlueVine"
"Boot Barn","\\junison9@gmail.com\[Gmail]\Boot Barn"
"Bosch","\\junison9@gmail.com\[Gmail]\Bosch"
"Build.com","\\junison9@gmail.com\[Gmail]\Build.com"
"Byron Katie Newsletter","\\junison9@gmail.com\[Gmail]\Byron Katie Newsletter"
"CalCoast","\\junison9@gmail.com\[Gmail]\CalCoast"
"Caliber Contests","\\junison9@gmail.com\[Gmail]\Caliber Contests"
"Celtic Woman","\\junison9@gmail.com\[Gmail]\Celtic Woman"
"Chase","\\junison9@gmail.com\[Gmail]\Chase"
"Chipotle","\\junison9@gmail.com\[Gmail]\Chipotle"
"ChooseYourMortgage","\\junison9@gmail.com\[Gmail]\ChooseYourMortgage"
"CHW","\\junison9@gmail.com\[Gmail]\CHW"
"Concerned Patriot","\\junison9@gmail.com\[Gmail]\Concerned Patriot"
"Cool Material","\\junison9@gmail.com\[Gmail]\Cool Material"
"Costco","\\junison9@gmail.com\[Gmail]\Costco"
"Craigslist","\\junison9@gmail.com\[Gmail]\Craigslist"
"CrossBreed Holsters","\\junison9@gmail.com\[Gmail]\CrossBreed Holsters"
"CVS","\\junison9@gmail.com\[Gmail]\CVS"
"Darren Hardy","\\junison9@gmail.com\[Gmail]\Darren Hardy"
"Deanna","\\junison9@gmail.com\[Gmail]\Deanna"
"Deidox Films","\\junison9@gmail.com\[Gmail]\Deidox Films"
"DIB","\\junison9@gmail.com\[Gmail]\DIB"
"Directions","\\junison9@gmail.com\[Gmail]\Directions"
"DR Power Equipment","\\junison9@gmail.com\[Gmail]\DR Power Equipment"
"Dr. Ari Magill","\\junison9@gmail.com\[Gmail]\Dr. Ari Magill"
"Dr. Badalyan","\\junison9@gmail.com\[Gmail]\Dr. Badalyan"
"DVOR","\\junison9@gmail.com\[Gmail]\DVOR"
"Ebay","\\junison9@gmail.com\[Gmail]\Ebay"
"Efile4Biz.com","\\junison9@gmail.com\[Gmail]\Efile4Biz.com"
"El Pollo Loco","\\junison9@gmail.com\[Gmail]\El Pollo Loco"
"Elevator","\\junison9@gmail.com\[Gmail]\Elevator"
"EntreLeadership","\\junison9@gmail.com\[Gmail]\EntreLeadership"
"Erie Roofs","\\junison9@gmail.com\[Gmail]\Erie Roofs"
"Evernote","\\junison9@gmail.com\[Gmail]\Evernote"
"Facebook","\\junison9@gmail.com\[Gmail]\Facebook"
"Fair Trade Decor","\\junison9@gmail.com\[Gmail]\Fair Trade Decor"
"Fenix Ammunition","\\junison9@gmail.com\[Gmail]\Fenix Ammunition"
"Firearm Upgrades","\\junison9@gmail.com\[Gmail]\Firearm Upgrades"
"Firearms Policy Coalition","\\junison9@gmail.com\[Gmail]\Firearms Policy Coalition"
"Frank Menjivar","\\junison9@gmail.com\[Gmail]\Frank Menjivar"
"Frezzor","\\junison9@gmail.com\[Gmail]\Frezzor"
"Google","\\junison9@gmail.com\[Gmail]\Google"
"GTD","\\junison9@gmail.com\[Gmail]\GTD"
"Gun News USA","\\junison9@gmail.com\[Gmail]\Gun News USA"
"Harbor Freight","\\junison9@gmail.com\[Gmail]\Harbor Freight"
"Hirsch","\\junison9@gmail.com\[Gmail]\Hirsch"
"Home Depot","\\junison9@gmail.com\[Gmail]\Home Depot"
"LA Daily News","\\junison9@gmail.com\[Gmail]\Home Depot\LA Daily News"
"IAPMO","\\junison9@gmail.com\[Gmail]\IAPMO"
"Important","\\junison9@gmail.com\[Gmail]\Important"
"InsanelyCoolGifts","\\junison9@gmail.com\[Gmail]\InsanelyCoolGifts"
"Instagram","\\junison9@gmail.com\[Gmail]\Instagram"
"Intuit","\\junison9@gmail.com\[Gmail]\Intuit"
"Janet R. Schwartz","\\junison9@gmail.com\[Gmail]\Janet R. Schwartz"
"Jason Hanson","\\junison9@gmail.com\[Gmail]\Jason Hanson"
"Jay Sekulow","\\junison9@gmail.com\[Gmail]\Jay Sekulow"
"Jeff Lerner","\\junison9@gmail.com\[Gmail]\Jeff Lerner"
"Jeff Nagle to Self","\\junison9@gmail.com\[Gmail]\Jeff Nagle to Self"
"John Cuthbertson","\\junison9@gmail.com\[Gmail]\John Cuthbertson"
"John Maxwell","\\junison9@gmail.com\[Gmail]\John Maxwell"
"Jordan Sekulow","\\junison9@gmail.com\[Gmail]\Jordan Sekulow"
"JustFly","\\junison9@gmail.com\[Gmail]\JustFly"
"K1 Speed","\\junison9@gmail.com\[Gmail]\K1 Speed"
"Kate & Seymour MAGFAST","\\junison9@gmail.com\[Gmail]\Kate & Seymour MAGFAST"
"Ken Mead","\\junison9@gmail.com\[Gmail]\Ken Mead"
"LabCorp","\\junison9@gmail.com\[Gmail]\LabCorp"
"LiveNation","\\junison9@gmail.com\[Gmail]\LiveNation"
"Lowes","\\junison9@gmail.com\[Gmail]\Lowes"
"Lyft","\\junison9@gmail.com\[Gmail]\Lyft"
"MarriageToday","\\junison9@gmail.com\[Gmail]\MarriageToday"
"Medical News Today","\\junison9@gmail.com\[Gmail]\Medical News Today"
"Men's Health","\\junison9@gmail.com\[Gmail]\Men's Health"
"Mercury Home Policy","\\junison9@gmail.com\[Gmail]\Mercury Home Policy"
"Microsoft","\\junison9@gmail.com\[Gmail]\Microsoft"
"Mike Dillard","\\junison9@gmail.com\[Gmail]\Mike Dillard"
"Mike Lowney","\\junison9@gmail.com\[Gmail]\Mike Lowney"
"Milwaukee Tool","\\junison9@gmail.com\[Gmail]\Milwaukee Tool"
"National Gun Owner","\\junison9@gmail.com\[Gmail]\National Gun Owner"
"Netflix","\\junison9@gmail.com\[Gmail]\Netflix"
"OfferUp","\\junison9@gmail.com\[Gmail]\OfferUp"
"Office Depot","\\junison9@gmail.com\[Gmail]\Office Depot"
"Ox & David Dry","\\junison9@gmail.com\[Gmail]\Ox & David Dry"
"Parler","\\junison9@gmail.com\[Gmail]\Parler"
"Paypal","\\junison9@gmail.com\[Gmail]\Paypal"
"PHCPPros","\\junison9@gmail.com\[Gmail]\PHCPPros"
"PL-Pros","\\junison9@gmail.com\[Gmail]\PL-Pros"
"PragerU","\\junison9@gmail.com\[Gmail]\PragerU"
"Quora","\\junison9@gmail.com\[Gmail]\Quora"
"Reagan Reports","\\junison9@gmail.com\[Gmail]\Reagan Reports"
"Restaurant.com","\\junison9@gmail.com\[Gmail]\Restaurant.com"
"Robert Steven Kramarz","\\junison9@gmail.com\[Gmail]\Robert Steven Kramarz"
"Rocket Mortgage","\\junison9@gmail.com\[Gmail]\Rocket Mortgage"
"Samsung","\\junison9@gmail.com\[Gmail]\Samsung"
"San Diego County Gun Owners","\\junison9@gmail.com\[Gmail]\San Diego County Gun Owners"
"SD Community Newspaper","\\junison9@gmail.com\[Gmail]\SD Community Newspaper"
"SDG&E","\\junison9@gmail.com\[Gmail]\SDG&E"
"SDI Spine Center","\\junison9@gmail.com\[Gmail]\SDI Spine Center"
"Sharp","\\junison9@gmail.com\[Gmail]\Sharp"
"Shift","\\junison9@gmail.com\[Gmail]\Shift"
"Sig Sauer","\\junison9@gmail.com\[Gmail]\Sig Sauer"
"Smashburger","\\junison9@gmail.com\[Gmail]\Smashburger"
"Snooze AM Eatery","\\junison9@gmail.com\[Gmail]\Snooze AM Eatery"
"Sonos","\\junison9@gmail.com\[Gmail]\Sonos"
"Spectrum","\\junison9@gmail.com\[Gmail]\Spectrum"
"SpeedyNetLoan","\\junison9@gmail.com\[Gmail]\SpeedyNetLoan"
"Starred","\\junison9@gmail.com\[Gmail]\Starred"
"State Farm","\\junison9@gmail.com\[Gmail]\State Farm"
"Steven Gundry, MD","\\junison9@gmail.com\[Gmail]\Steven Gundry, MD"
"Stock Advisor","\\junison9@gmail.com\[Gmail]\Stock Advisor"
"StopBox","\\junison9@gmail.com\[Gmail]\StopBox"
"Summitville","\\junison9@gmail.com\[Gmail]\Summitville"
"Survival Gear","\\junison9@gmail.com\[Gmail]\Survival Gear"
"Susan Parker","\\junison9@gmail.com\[Gmail]\Susan Parker"
"Tactical","\\junison9@gmail.com\[Gmail]\Tactical"
"Target","\\junison9@gmail.com\[Gmail]\Target"
"TeamBizX","\\junison9@gmail.com\[Gmail]\TeamBizX"
"Ted McGrath","\\junison9@gmail.com\[Gmail]\Ted McGrath"
"The Kebab Shop","\\junison9@gmail.com\[Gmail]\The Kebab Shop"
"The Mercury News","\\junison9@gmail.com\[Gmail]\The Mercury News"
"The Motley Fool","\\junison9@gmail.com\[Gmail]\The Motley Fool"
"The Penny Hoarder","\\junison9@gmail.com\[Gmail]\The Penny Hoarder"
"The Tactical Deals","\\junison9@gmail.com\[Gmail]\The Tactical Deals"
"The USO","\\junison9@gmail.com\[Gmail]\The USO"
"Thrive Global","\\junison9@gmail.com\[Gmail]\Thrive Global"
"TikTok","\\junison9@gmail.com\[Gmail]\TikTok"
"Tractor Supply Company","\\junison9@gmail.com\[Gmail]\Tractor Supply Company"
"Transparent Productions","\\junison9@gmail.com\[Gmail]\Transparent Productions"
"True Food Kitchen","\\junison9@gmail.com\[Gmail]\True Food Kitchen"
"US Window and Door","\\junison9@gmail.com\[Gmail]\US Window and Door"
"USCCA Store","\\junison9@gmail.com\[Gmail]\USCCA Store"
"Venmo","\\junison9@gmail.com\[Gmail]\Venmo"
"Vertellis","\\junison9@gmail.com\[Gmail]\Vertellis"
"Victor Marx","\\junison9@gmail.com\[Gmail]\Victor Marx"
"Vons","\\junison9@gmail.com\[Gmail]\Vons"
"Wayfair","\\junison9@gmail.com\[Gmail]\Wayfair"
"WIRED","\\junison9@gmail.com\[Gmail]\WIRED"
"XO Marriage","\\junison9@gmail.com\[Gmail]\XO Marriage"
"Zoro","\\junison9@gmail.com\[Gmail]\Zoro"
"blank Calendar (This computer only)","\\junison9@gmail.com\blank Calendar (This computer only)"
"Angela Info","\\junison9@gmail.com\Angela Info"
"Applicants","\\junison9@gmail.com\Applicants"
"Contacts","\\junison9@gmail.com\Contacts"
"Corvette","\\junison9@gmail.com\Corvette"
"Jobs","\\junison9@gmail.com\Jobs"
"2498 La Marque","\\junison9@gmail.com\Jobs\2498 La Marque"
"3123 Bunche Ave","\\junison9@gmail.com\Jobs\3123 Bunche Ave"
"Brad & Ania","\\junison9@gmail.com\Jobs\Brad & Ania"
"Dandu","\\junison9@gmail.com\Jobs\Dandu"
"Nobel","\\junison9@gmail.com\Jobs\Nobel"
"Reedley Terrace","\\junison9@gmail.com\Jobs\Reedley Terrace"
"Junk E-mail","\\junison9@gmail.com\Junk E-mail"
"Notes","\\junison9@gmail.com\Notes"
"Personal","\\junison9@gmail.com\Personal"
"Realestate","\\junison9@gmail.com\Realestate"
"Active properties","\\junison9@gmail.com\Realestate\Active properties"
"Arnoldson Docs","\\junison9@gmail.com\Realestate\Arnoldson Docs"
"Receipts","\\junison9@gmail.com\Receipts"
"Steve Kellman","\\junison9@gmail.com\Steve Kellman"
"Mt Ariane Dr","\\junison9@gmail.com\Steve Kellman\Mt Ariane Dr"
"Mt Cervin","\\junison9@gmail.com\Steve Kellman\Mt Cervin"
"Thornwood","\\junison9@gmail.com\Steve Kellman\Thornwood"
"Work","\\junison9@gmail.com\Work"
